"","continent","gdpPercap","gdpPercap1"
"1","Africa",241.1658765,21951.21176
"2","Asia",331,42951.65309
"3","Europe",973.5331948,49357.19017
"4","Americas",1201.637154,113523.1329
